series_progress,book,chapter,chapter_position,character,item,action,state,quantity,category,summary,source
0.018538,1,1,8.75,Carl,Boxers,equip,equipped,1,Inventory,"Carl enters the surface crisis wearing only boxers, a leather jacket, and borrowed Crocs.",b1-c1-p7
0.018538,1,1,8.75,Carl,Leather jacket,equip,equipped,1,Inventory,"Carl enters the surface crisis wearing only boxers, a leather jacket, and borrowed Crocs.",b1-c1-p7
0.018538,1,1,8.75,Carl,Pink Crocs,equip,equipped,1,Inventory,"Carl enters the surface crisis wearing only boxers, a leather jacket, and borrowed Crocs.",b1-c1-p7
0.29824,1,2,40.77,Carl,Bronze Pet Box,add,unopened,1,Inventory,Entry achievements award Carl six initial boxes; later combat adds four more before the first opening.,b1-c2-p53
0.29824,1,2,40.77,Carl,Legendary Pet Box,add,unopened,1,Inventory,Entry achievements award Carl six initial boxes; later combat adds four more before the first opening.,b1-c2-p53
0.29824,1,2,40.77,Carl,Silver Adventurer Box,add,unopened,1,Inventory,Entry achievements award Carl six initial boxes; later combat adds four more before the first opening.,b1-c2-p53
0.29824,1,2,40.77,Carl,Bronze Adventurer Box,add,unopened,1,Inventory,Entry achievements award Carl six initial boxes; later combat adds four more before the first opening.,b1-c2-p53
0.29824,1,2,40.77,Carl,Gold Apparel Box,add,unopened,1,Inventory,Entry achievements award Carl six initial boxes; later combat adds four more before the first opening.,b1-c2-p53
0.29824,1,2,40.77,Carl,Bronze Weapon Box,add,unopened,1,Inventory,Entry achievements award Carl six initial boxes; later combat adds four more before the first opening.,b1-c2-p53
0.870033,1,5,10.66,Carl,Standard Healing Potion,add,hotlist,1,Inventory,Mordecai gives Carl a healing potion while activating and teaching the dimensional inventory.,b1-c5-p13
1.028063,1,5,85.25,Carl,Scroll of Heal Critter,add,carried,1,Inventory,"Carl opens all ten accumulated boxes. This is the first exact, comprehensive inventory haul.",b1-c5-p104
1.028063,1,5,85.25,Carl,Pet Biscuit,add,carried,510,Inventory,"Carl opens all ten accumulated boxes. This is the first exact, comprehensive inventory haul.",b1-c5-p104
1.028063,1,5,85.25,Carl,Torch,add,carried,20,Inventory,"Carl opens all ten accumulated boxes. This is the first exact, comprehensive inventory haul.",b1-c5-p104
1.028063,1,5,85.25,Carl,Dynamite,add,carried,5,Inventory,"Carl opens all ten accumulated boxes. This is the first exact, comprehensive inventory haul.",b1-c5-p104
1.028063,1,5,85.25,Carl,Goblin Pass,add,bound,1,Inventory,"Carl opens all ten accumulated boxes. This is the first exact, comprehensive inventory haul.",b1-c5-p104
1.028063,1,5,85.25,Carl,Enchanted Nightgaunt Cloak of Stoutness,add,carried,1,Inventory,"Carl opens all ten accumulated boxes. This is the first exact, comprehensive inventory haul.",b1-c5-p104
1.028063,1,5,85.25,Carl,Enchanted Trollskin Shirt of Pummeling,add,carried,1,Inventory,"Carl opens all ten accumulated boxes. This is the first exact, comprehensive inventory haul.",b1-c5-p104
1.028063,1,5,85.25,Carl,Enchanted Toe Ring of the Splatter Skunk,add,carried,1,Inventory,"Carl opens all ten accumulated boxes. This is the first exact, comprehensive inventory haul.",b1-c5-p104
1.028063,1,5,85.25,Carl,Enhanced Pet Biscuit,add,carried,1,Inventory,"Carl opens all ten accumulated boxes. This is the first exact, comprehensive inventory haul.",b1-c5-p104
1.028063,1,5,85.25,Carl,Potion of Healing,add,carried,3,Inventory,"Carl opens all ten accumulated boxes. This is the first exact, comprehensive inventory haul.",b1-c5-p104
1.028063,1,5,85.25,Carl,Potion of Mana,add,carried,1,Inventory,"Carl opens all ten accumulated boxes. This is the first exact, comprehensive inventory haul.",b1-c5-p104
1.028063,1,5,85.25,Carl,Common Fingerless Gloves,add,carried,1,Inventory,"Carl opens all ten accumulated boxes. This is the first exact, comprehensive inventory haul.",b1-c5-p104
1.028063,1,5,85.25,Carl,Toad Cudgel,add,carried,1,Inventory,"Carl opens all ten accumulated boxes. This is the first exact, comprehensive inventory haul.",b1-c5-p104
1.028063,1,5,85.25,Carl,Poker,add,carried,1,Inventory,"Carl opens all ten accumulated boxes. This is the first exact, comprehensive inventory haul.",b1-c5-p104
1.028063,1,5,85.25,Carl,Poison Antidote,add,carried,2,Inventory,"Carl opens all ten accumulated boxes. This is the first exact, comprehensive inventory haul.",b1-c5-p104
1.028063,1,5,85.25,Carl,Crawler Biscuit,add,carried,100,Inventory,"Carl opens all ten accumulated boxes. This is the first exact, comprehensive inventory haul.",b1-c5-p104
1.028063,1,5,85.25,Carl,Bronze Pet Box,remove,opened,1,Reward box,"Carl opens all ten accumulated boxes. This is the first exact, comprehensive inventory haul.",b1-c5-p104
1.028063,1,5,85.25,Carl,Legendary Pet Box,remove,opened,1,Reward box,"Carl opens all ten accumulated boxes. This is the first exact, comprehensive inventory haul.",b1-c5-p104
1.028063,1,5,85.25,Carl,Silver Adventurer Box,remove,opened,1,Reward box,"Carl opens all ten accumulated boxes. This is the first exact, comprehensive inventory haul.",b1-c5-p104
1.028063,1,5,85.25,Carl,Bronze Adventurer Box,remove,opened,1,Reward box,"Carl opens all ten accumulated boxes. This is the first exact, comprehensive inventory haul.",b1-c5-p104
1.028063,1,5,85.25,Carl,Gold Apparel Box,remove,opened,1,Reward box,"Carl opens all ten accumulated boxes. This is the first exact, comprehensive inventory haul.",b1-c5-p104
1.028063,1,5,85.25,Carl,Bronze Weapon Box,remove,opened,1,Reward box,"Carl opens all ten accumulated boxes. This is the first exact, comprehensive inventory haul.",b1-c5-p104
1.03501,1,5,88.52,Princess Donut,Enhanced Pet Biscuit,remove,carried,1,Inventory,"Carl feeds the enhanced biscuit to Donut, triggering her transformation into a sapient crawler.",b1-c5-p108
1.190476,1,6,61.9,Carl,Torch,add,carried,1,Inventory,"Carl's first magical-gear achievement box adds a torch and two healing potions, bringing his stated healing-potion total to six.",b1-c6-p26
1.190476,1,6,61.9,Carl,Potion of Healing,add,carried,2,Inventory,"Carl's first magical-gear achievement box adds a torch and two healing potions, bringing his stated healing-potion total to six.",b1-c6-p26
1.200565,1,6,66.67,Carl,Common Fingerless Gloves,equip,equipped,1,Inventory,"Carl equips gloves, shirt, cloak, and toe ring over his original jacket; the cloak and ring raise Constitution and Strength.",b1-c6-p28
1.200565,1,6,66.67,Carl,Enchanted Trollskin Shirt of Pummeling,equip,equipped,1,Inventory,"Carl equips gloves, shirt, cloak, and toe ring over his original jacket; the cloak and ring raise Constitution and Strength.",b1-c6-p28
1.200565,1,6,66.67,Carl,Leather jacket,equip,equipped,1,Inventory,"Carl equips gloves, shirt, cloak, and toe ring over his original jacket; the cloak and ring raise Constitution and Strength.",b1-c6-p28
1.200565,1,6,66.67,Carl,Enchanted Nightgaunt Cloak of Stoutness,equip,equipped,1,Inventory,"Carl equips gloves, shirt, cloak, and toe ring over his original jacket; the cloak and ring raise Constitution and Strength.",b1-c6-p28
1.200565,1,6,66.67,Carl,Enchanted Toe Ring of the Splatter Skunk,equip,equipped,1,Inventory,"Carl equips gloves, shirt, cloak, and toe ring over his original jacket; the cloak and ring raise Constitution and Strength.",b1-c6-p28
1.382163,1,7,52.38,Princess Donut,Healing potions,add,carried,,Inventory,"Donut opens her initial boxes, learns Magic Missile immediately, and equips the unique fleeting crown.",b1-c7-p33
1.382163,1,7,52.38,Princess Donut,Torches,add,carried,,Inventory,"Donut opens her initial boxes, learns Magic Missile immediately, and equips the unique fleeting crown.",b1-c7-p33
1.382163,1,7,52.38,Princess Donut,Pet Biscuits,add,carried,,Inventory,"Donut opens her initial boxes, learns Magic Missile immediately, and equips the unique fleeting crown.",b1-c7-p33
1.382163,1,7,52.38,Princess Donut,Tome of Magic Missile,remove,consumed to learn spell,1,Inventory,"Donut opens her initial boxes, learns Magic Missile immediately, and equips the unique fleeting crown.",b1-c7-p33
1.382163,1,7,52.38,Princess Donut,Enchanted Crown of the Sepsis Whore,add,equipped; fleeting,1,Inventory,"Donut opens her initial boxes, learns Magic Missile immediately, and equips the unique fleeting crown.",b1-c7-p33
1.542004,1,8,27.83,Carl,Marlboro Reds,add,carried,0.5,Inventory,Carl confirms the cigarette pack and Zippo survived in his jacket pocket; he also has a separate goblin-box lighter.,b1-c8-p32
1.542004,1,8,27.83,Carl,Zippo lighter,add,carried,1,Inventory,Carl confirms the cigarette pack and Zippo survived in his jacket pocket; he also has a separate goblin-box lighter.,b1-c8-p32
1.628593,1,8,68.7,Princess Donut,Poor Llama Skin,add,carried,1,Inventory,Donut takes the hide and one steak; Carl takes the remaining steak and both drug baggies.,b1-c8-p79
1.628593,1,8,68.7,Princess Donut,Uncooked Llama Steak,add,carried,1,Inventory,Donut takes the hide and one steak; Carl takes the remaining steak and both drug baggies.,b1-c8-p79
1.628593,1,8,68.7,Carl,Uncooked Llama Steak,add,carried,1,Inventory,Donut takes the hide and one steak; Carl takes the remaining steak and both drug baggies.,b1-c8-p79
1.628593,1,8,68.7,Carl,Baggie of trailer park-grade meth,add,carried,2,Inventory,Donut takes the hide and one steak; Carl takes the remaining steak and both drug baggies.,b1-c8-p79
1.823386,1,9,60.64,Carl,Bandages,add,carried,,Inventory,First safe-room openings add bandages and Carl's +1 Constitution ring; Donut receives 25 mana potions and equips the butterfly talisman.,b1-c9-p57
1.823386,1,9,60.64,Carl,Silver Constitution Ring,equip,equipped,1,Inventory,First safe-room openings add bandages and Carl's +1 Constitution ring; Donut receives 25 mana potions and equips the butterfly talisman.,b1-c9-p57
1.823386,1,9,60.64,Princess Donut,Potion of Mana Restoration,add,carried,25,Inventory,First safe-room openings add bandages and Carl's +1 Constitution ring; Donut receives 25 mana potions and equips the butterfly talisman.,b1-c9-p57
1.823386,1,9,60.64,Princess Donut,Talisman of the Slate Butterfly,add,equipped on collar,1,Inventory,First safe-room openings add bandages and Carl's +1 Constitution ring; Donut receives 25 mana potions and equips the butterfly talisman.,b1-c9-p57
2.032226,1,10,59.21,Party,Scatterer Hemolymph,add,carried,,Inventory,Repeated Scatterer kills yield several vials of alchemy material.,b1-c10-p45
2.125706,1,11,3.33,Carl,Dynamite,remove,carried,1,Inventory,"Carl throws one stick into the Hoarder chamber, destroying the door and many Scatterers.",b1-c11-p3
2.30226,1,11,86.67,Carl,Metal dog leash chain,remove,carried,1,Inventory,Improvised chain weapon breaks during the Hoarder battle; remnants remain wrapped around Carl's fist afterward.,b1-c11-p78
2.339588,1,12,4.29,Carl,Neighborhood Map,add,applied to minimap,1,Inventory,Hoarder drops a persistent map copy for each party member; each copy populates the nearby minimap.,b1-c12-p3
2.339588,1,12,4.29,Princess Donut,Neighborhood Map,add,applied to minimap,1,Inventory,Hoarder drops a persistent map copy for each party member; each copy populates the nearby minimap.,b1-c12-p3
2.475787,1,12,68.57,Princess Donut,Tome of Torch,remove,consumed to learn spell,1,Inventory,"Boss and achievement boxes yield Donut's Torch spell and Carl's first major explosive, defensive, and armor bundle.",b1-c12-p48
2.475787,1,12,68.57,Carl,Tome of Wisp Armor,add,carried,1,Inventory,"Boss and achievement boxes yield Donut's Torch spell and Carl's first major explosive, defensive, and armor bundle.",b1-c12-p48
2.475787,1,12,68.57,Carl,Dynamite,add,carried,5,Inventory,"Boss and achievement boxes yield Donut's Torch spell and Carl's first major explosive, defensive, and armor bundle.",b1-c12-p48
2.475787,1,12,68.57,Carl,Lighter,add,carried,1,Inventory,"Boss and achievement boxes yield Donut's Torch spell and Carl's first major explosive, defensive, and armor bundle.",b1-c12-p48
2.475787,1,12,68.57,Carl,Satchel of Gunpowder,add,carried,1,Inventory,"Boss and achievement boxes yield Donut's Torch spell and Carl's first major explosive, defensive, and armor bundle.",b1-c12-p48
2.475787,1,12,68.57,Carl,Enchanted Spiked Kneepads of the Shade Gnoll Riot Forces,equip,equipped,1,Inventory,"Boss and achievement boxes yield Donut's Torch spell and Carl's first major explosive, defensive, and armor bundle.",b1-c12-p48
2.475787,1,12,68.57,Carl,Scroll of Confusing Fog,add,carried,3,Inventory,"Boss and achievement boxes yield Donut's Torch spell and Carl's first major explosive, defensive, and armor bundle.",b1-c12-p48
2.475787,1,12,68.57,Carl,Potion of Iron Skin,add,carried,5,Inventory,"Boss and achievement boxes yield Donut's Torch spell and Carl's first major explosive, defensive, and armor bundle.",b1-c12-p48
2.987055,1,15,9.89,Carl,Common Fingerless Gloves,remove,carried,1,Inventory,A green slime dissolves Carl's right glove and the right sleeve of his jacket.,b1-c15-p9
2.987055,1,15,9.89,Carl,Leather jacket sleeve,remove,carried,1,Inventory,A green slime dissolves Carl's right glove and the right sleeve of his jacket.,b1-c15-p9
3.230932,1,16,25.0,Carl,Goblin chopper with detachable sidecar,add,carried,1,Inventory,Goblin engineers finish a human-sized chopper and Donut-sized sidecar; Carl stores it in inventory.,b1-c16-p9
3.307439,1,16,61.11,Carl,Dynamite,add,carried,,Inventory,Rory gives Carl a large mixed bag of goblin explosives.,b1-c16-p22
3.307439,1,16,61.11,Carl,Small bombs and grenades,add,carried,,Inventory,Rory gives Carl a large mixed bag of goblin explosives.,b1-c16-p22
3.415254,1,17,12.0,Carl,Coal piles,add,carried,5,Inventory,"Carl strips the goblin workshop, establishing the party's large engineering and explosive stockpile.",b1-c17-p3
3.415254,1,17,12.0,Carl,Goblin tools,add,carried,,Inventory,"Carl strips the goblin workshop, establishing the party's large engineering and explosive stockpile.",b1-c17-p3
3.415254,1,17,12.0,Carl,Hobgoblin Detonator,add,carried,3,Inventory,"Carl strips the goblin workshop, establishing the party's large engineering and explosive stockpile.",b1-c17-p3
3.415254,1,17,12.0,Carl,Engineering supplies,add,carried,,Inventory,"Carl strips the goblin workshop, establishing the party's large engineering and explosive stockpile.",b1-c17-p3
3.415254,1,17,12.0,Carl,Wick coils,add,carried,,Inventory,"Carl strips the goblin workshop, establishing the party's large engineering and explosive stockpile.",b1-c17-p3
3.415254,1,17,12.0,Carl,Explosives,add,carried,,Inventory,"Carl strips the goblin workshop, establishing the party's large engineering and explosive stockpile.",b1-c17-p3
3.415254,1,17,12.0,Carl,Alchemical liquids,add,carried,50,Inventory,"Carl strips the goblin workshop, establishing the party's large engineering and explosive stockpile.",b1-c17-p3
3.415254,1,17,12.0,Carl,Black disc tires,add,carried,,Inventory,"Carl strips the goblin workshop, establishing the party's large engineering and explosive stockpile.",b1-c17-p3
3.415254,1,17,12.0,Carl,Workshop tables,add,carried,,Inventory,"Carl strips the goblin workshop, establishing the party's large engineering and explosive stockpile.",b1-c17-p3
3.415254,1,17,12.0,Carl,Black powder,add,carried,1,Inventory,"Carl strips the goblin workshop, establishing the party's large engineering and explosive stockpile.",b1-c17-p3
3.415254,1,17,12.0,Carl,Hobgoblin Pus,add,carried,1,Inventory,"Carl strips the goblin workshop, establishing the party's large engineering and explosive stockpile.",b1-c17-p3
3.567797,1,17,84.0,Carl,Hobgoblin Pus,remove,carried,1,Inventory,"Carl spends all Hobgoblin Pus, two of three magical triggers, and a prepared powder cart to destroy the goblin boss room.",b1-c17-p21
3.567797,1,17,84.0,Carl,Hobgoblin Detonator,remove,carried,2,Inventory,"Carl spends all Hobgoblin Pus, two of three magical triggers, and a prepared powder cart to destroy the goblin boss room.",b1-c17-p21
3.567797,1,17,84.0,Carl,Black powder barrels and shrapnel cart,remove,carried,1,Inventory,"Carl spends all Hobgoblin Pus, two of three magical triggers, and a prepared powder cart to destroy the goblin boss room.",b1-c17-p21
3.863583,1,19,23.61,Carl,Potion of Iron Skin,remove,carried,1,Inventory,Carl and Donut each drink Iron Skin before fighting rot stickers.,b1-c19-p17
3.863583,1,19,23.61,Princess Donut,Potion of Iron Skin,remove,carried,1,Inventory,Carl and Donut each drink Iron Skin before fighting rot stickers.,b1-c19-p17
4.004826,1,19,90.28,Princess Donut,Enchanted Fae Scale Quadruped Crupper of the Fleet,equip,equipped,1,Inventory,"Goblin-boss and achievement openings give Donut armor and Minion Army, both crawlers Desperado passes and weapon oil, and Carl a second Constitution ring plus his first Determine Value potion.",b1-c19-p65
4.004826,1,19,90.28,Princess Donut,Tome of Minion Army,add,carried,1,Inventory,"Goblin-boss and achievement openings give Donut armor and Minion Army, both crawlers Desperado passes and weapon oil, and Carl a second Constitution ring plus his first Determine Value potion.",b1-c19-p65
4.004826,1,19,90.28,Carl,Desperado Pass,add,bound tattoo,1,Inventory,"Goblin-boss and achievement openings give Donut armor and Minion Army, both crawlers Desperado passes and weapon oil, and Carl a second Constitution ring plus his first Determine Value potion.",b1-c19-p65
4.004826,1,19,90.28,Princess Donut,Desperado Pass,add,bound tattoo,1,Inventory,"Goblin-boss and achievement openings give Donut armor and Minion Army, both crawlers Desperado passes and weapon oil, and Carl a second Constitution ring plus his first Determine Value potion.",b1-c19-p65
4.004826,1,19,90.28,Carl,Weapon Oil: Weeping Wound,add,carried,5,Inventory,"Goblin-boss and achievement openings give Donut armor and Minion Army, both crawlers Desperado passes and weapon oil, and Carl a second Constitution ring plus his first Determine Value potion.",b1-c19-p65
4.004826,1,19,90.28,Princess Donut,Weapon Oil: Weeping Wound,add,carried,5,Inventory,"Goblin-boss and achievement openings give Donut armor and Minion Army, both crawlers Desperado passes and weapon oil, and Carl a second Constitution ring plus his first Determine Value potion.",b1-c19-p65
4.004826,1,19,90.28,Party,Potion of Healing / mana / utility bundle,add,carried,,Inventory,"Goblin-boss and achievement openings give Donut armor and Minion Army, both crawlers Desperado passes and weapon oil, and Carl a second Constitution ring plus his first Determine Value potion.",b1-c19-p65
4.004826,1,19,90.28,Carl,Dynamite,add,carried,,Inventory,"Goblin-boss and achievement openings give Donut armor and Minion Army, both crawlers Desperado passes and weapon oil, and Carl a second Constitution ring plus his first Determine Value potion.",b1-c19-p65
4.004826,1,19,90.28,Carl,Smoke Bomb,add,carried,2,Inventory,"Goblin-boss and achievement openings give Donut armor and Minion Army, both crawlers Desperado passes and weapon oil, and Carl a second Constitution ring plus his first Determine Value potion.",b1-c19-p65
4.004826,1,19,90.28,Carl,Scroll of Confusing Fog,add,carried,2,Inventory,"Goblin-boss and achievement openings give Donut armor and Minion Army, both crawlers Desperado passes and weapon oil, and Carl a second Constitution ring plus his first Determine Value potion.",b1-c19-p65
4.004826,1,19,90.28,Carl,Ring of Constitution +2,equip,equipped,1,Inventory,"Goblin-boss and achievement openings give Donut armor and Minion Army, both crawlers Desperado passes and weapon oil, and Carl a second Constitution ring plus his first Determine Value potion.",b1-c19-p65
4.004826,1,19,90.28,Carl,Potion of Determine Value,remove,consumed,1,Inventory,"Goblin-boss and achievement openings give Donut armor and Minion Army, both crawlers Desperado passes and weapon oil, and Carl a second Constitution ring plus his first Determine Value potion.",b1-c19-p65
4.152542,1,20,60.0,Carl,Bloodstained khaki pants,add,carried,1,Inventory,Frank tosses Carl undersized women's khaki pants; Carl inventories them during the safe-room attack.,b1-c20-p84
4.196429,1,20,80.71,Carl,Goblin Smoke Bomb,remove,lit,1,Inventory,Carl hides a smoke bomb and two unstable dynamite sticks in a rat corpse as a trap for Frank and Maggie.,b1-c20-p113
4.196429,1,20,80.71,Carl,Goblin Dynamite,remove,"one lit, one unstable unlit",2,Inventory,Carl hides a smoke bomb and two unstable dynamite sticks in a rat corpse as a trap for Frank and Maggie.,b1-c20-p113
5.051922,1,24,84.51,Carl,Scroll of Confusing Fog,remove,carried,3,Inventory,"The Juicer battle consumes all three Fog scrolls, one invalid Heal Critter scroll, several healing potions, and a Donut mana potion.",b1-c24-p60
5.051922,1,24,84.51,Carl,Scroll of Heal Critter,remove,wasted; invalid target,1,Inventory,"The Juicer battle consumes all three Fog scrolls, one invalid Heal Critter scroll, several healing potions, and a Donut mana potion.",b1-c24-p60
5.051922,1,24,84.51,Carl,Potion of Healing,remove,carried,3,Inventory,"The Juicer battle consumes all three Fog scrolls, one invalid Heal Critter scroll, several healing potions, and a Donut mana potion.",b1-c24-p60
5.051922,1,24,84.51,Princess Donut,Potion of Mana,remove,carried,1,Inventory,"The Juicer battle consumes all three Fog scrolls, one invalid Heal Critter scroll, several healing potions, and a Donut mana potion.",b1-c24-p60
5.095752,1,25,5.19,Carl,Free weights and dumbbells,add,carried,,Inventory,"Carl strips the Juicer gym and office, including structural and mundane items for later construction.",b1-c25-p4
5.095752,1,25,5.19,Carl,Weight benches,add,carried,,Inventory,"Carl strips the Juicer gym and office, including structural and mundane items for later construction.",b1-c25-p4
5.095752,1,25,5.19,Carl,Exercise mats and medicine balls,add,carried,,Inventory,"Carl strips the Juicer gym and office, including structural and mundane items for later construction.",b1-c25-p4
5.095752,1,25,5.19,Carl,Broken gym equipment,add,carried,,Inventory,"Carl strips the Juicer gym and office, including structural and mundane items for later construction.",b1-c25-p4
5.095752,1,25,5.19,Carl,Tools,add,carried,,Inventory,"Carl strips the Juicer gym and office, including structural and mundane items for later construction.",b1-c25-p4
5.095752,1,25,5.19,Carl,Broken door,add,carried,1,Inventory,"Carl strips the Juicer gym and office, including structural and mundane items for later construction.",b1-c25-p4
5.095752,1,25,5.19,Carl,Laptop with dead battery,add,carried,1,Inventory,"Carl strips the Juicer gym and office, including structural and mundane items for later construction.",b1-c25-p4
5.095752,1,25,5.19,Carl,File cabinet and paper files,add,carried,1,Inventory,"Carl strips the Juicer gym and office, including structural and mundane items for later construction.",b1-c25-p4
5.095752,1,25,5.19,Carl,Johnny Walker Black,add,carried,0.5,Inventory,"Carl strips the Juicer gym and office, including structural and mundane items for later construction.",b1-c25-p4
5.244332,1,25,75.32,Princess Donut,Dexterity bracelet +2,equip,equipped,1,Inventory,"Juicer openings give Donut Dexterity jewelry and 12 Heal scrolls; Carl receives Heal scrolls, shuriken, a second Determine Value potion, and his signature war gauntlet.",b1-c25-p58
5.244332,1,25,75.32,Princess Donut,Tome of Puddle Jumper,remove,consumed to learn spell,1,Inventory,"Juicer openings give Donut Dexterity jewelry and 12 Heal scrolls; Carl receives Heal scrolls, shuriken, a second Determine Value potion, and his signature war gauntlet.",b1-c25-p58
5.244332,1,25,75.32,Princess Donut,Scroll of Heal,add,carried,12,Inventory,"Juicer openings give Donut Dexterity jewelry and 12 Heal scrolls; Carl receives Heal scrolls, shuriken, a second Determine Value potion, and his signature war gauntlet.",b1-c25-p58
5.244332,1,25,75.32,Carl,Scroll of Heal,add,carried,5,Inventory,"Juicer openings give Donut Dexterity jewelry and 12 Heal scrolls; Carl receives Heal scrolls, shuriken, a second Determine Value potion, and his signature war gauntlet.",b1-c25-p58
5.244332,1,25,75.32,Carl,Cowboy hat,add,carried,1,Inventory,"Juicer openings give Donut Dexterity jewelry and 12 Heal scrolls; Carl receives Heal scrolls, shuriken, a second Determine Value potion, and his signature war gauntlet.",b1-c25-p58
5.244332,1,25,75.32,Carl,Enchanted Shuriken of Bloodlust,add,carried,100,Inventory,"Juicer openings give Donut Dexterity jewelry and 12 Heal scrolls; Carl receives Heal scrolls, shuriken, a second Determine Value potion, and his signature war gauntlet.",b1-c25-p58
5.244332,1,25,75.32,Carl,Potion of Determine Value,remove,consumed,1,Inventory,"Juicer openings give Donut Dexterity jewelry and 12 Heal scrolls; Carl receives Heal scrolls, shuriken, a second Determine Value potion, and his signature war gauntlet.",b1-c25-p58
5.244332,1,25,75.32,Carl,Enchanted War Gauntlet of the Exalted Grull,add,equipped on right wrist,1,Inventory,"Juicer openings give Donut Dexterity jewelry and 12 Heal scrolls; Carl receives Heal scrolls, shuriken, a second Determine Value potion, and his signature war gauntlet.",b1-c25-p58
5.411674,1,26,54.31,Carl,Agatha's shopping cart and contents,remove,"stored during battle, returned afterward",1,Inventory,Carl inventories Agatha's loaded cart to make room in the redoubt and returns it after the fight; hidden inventory-history implications are discovered in chapter 47.,b1-c26-p63
5.433592,1,26,64.66,Party,Portable redoubt sections,add,carried,5,Inventory,Carl and Meadow Lark convert goblin tables and gym equipment into a rapidly deployable defensive redoubt.,b1-c26-p75
5.433592,1,26,64.66,Party,Barbell roof supports,add,carried,5,Inventory,Carl and Meadow Lark convert goblin tables and gym equipment into a rapidly deployable defensive redoubt.,b1-c26-p75
5.460988,1,26,77.59,Carl,Bloodlust shuriken spike strips,add,carried,,Inventory,Several fragile Bloodlust shuriken are embedded in wooden spike strips for the Ball of Swine fight.,b1-c26-p90
5.612956,1,27,49.32,Carl,Ruby necklace,add,carried,1,Inventory,"Party salvages tuskling jewelry, costume items, a Pig Harness, remaining shuriken, and reusable redoubt pieces.",b1-c27-p36
5.612956,1,27,49.32,Carl,Unenchanted jewelry,add,carried,,Inventory,"Party salvages tuskling jewelry, costume items, a Pig Harness, remaining shuriken, and reusable redoubt pieces.",b1-c27-p36
5.612956,1,27,49.32,Carl,Pig Harness,add,carried,1,Inventory,"Party salvages tuskling jewelry, costume items, a Pig Harness, remaining shuriken, and reusable redoubt pieces.",b1-c27-p36
5.612956,1,27,49.32,Princess Donut,Tusking sexual prop,add,carried,1,Inventory,"Party salvages tuskling jewelry, costume items, a Pig Harness, remaining shuriken, and reusable redoubt pieces.",b1-c27-p36
5.612956,1,27,49.32,Carl,Tuxedo jacket,add,carried,1,Inventory,"Party salvages tuskling jewelry, costume items, a Pig Harness, remaining shuriken, and reusable redoubt pieces.",b1-c27-p36
5.612956,1,27,49.32,Carl,Recovered shuriken and redoubt pieces,add,carried,,Inventory,"Party salvages tuskling jewelry, costume items, a Pig Harness, remaining shuriken, and reusable redoubt pieces.",b1-c27-p36
6.330635,1,30,88.06,Carl,Gold coin,add,carried,105,Inventory,"Ball of Swine and achievement boxes add currency, drink tickets, a workbench shaping tool, a temporary skill potion, and the pedicure kit.",b1-c30-p118
6.330635,1,30,88.06,Carl,Desperado Club Drink Ticket,add,carried,3,Inventory,"Ball of Swine and achievement boxes add currency, drink tickets, a workbench shaping tool, a temporary skill potion, and the pedicure kit.",b1-c30-p118
6.330635,1,30,88.06,Carl,Goo-Inator 3000,add,carried,1,Inventory,"Ball of Swine and achievement boxes add currency, drink tickets, a workbench shaping tool, a temporary skill potion, and the pedicure kit.",b1-c30-p118
6.330635,1,30,88.06,Carl,Cheat Code Potion,remove,consumed immediately,1,Inventory,"Ball of Swine and achievement boxes add currency, drink tickets, a workbench shaping tool, a temporary skill potion, and the pedicure kit.",b1-c30-p118
6.330635,1,30,88.06,Carl,Enchanted Pedicure Kit of the Sylph,add,carried,1,Inventory,"Ball of Swine and achievement boxes add currency, drink tickets, a workbench shaping tool, a temporary skill potion, and the pedicure kit.",b1-c30-p118
6.33854,1,30,91.79,Princess Donut,Dungeon Book of the Floor Club membership,add,active,1,Inventory,A boss-box reward enrolls Donut in the book club; her first mailed tome teaches Second Chance.,b1-c30-p123
6.33854,1,30,91.79,Princess Donut,Tome of Second Chance,remove,consumed to learn spell,1,Inventory,A boss-box reward enrolls Donut in the book club; her first mailed tome teaches Second Chance.,b1-c30-p123
6.755918,1,32,88.79,Party,Toilet-grade Rev-Up moonshine jug,add,carried,,Inventory,Clurichaun loot supplies valuable moonshine; Carl tests one Boom Jug and then crafts ten more.,b1-c32-p103
6.755918,1,32,88.79,Party,Slingshots and dice,add,carried,,Inventory,Clurichaun loot supplies valuable moonshine; Carl tests one Boom Jug and then crafts ten more.,b1-c32-p103
6.755918,1,32,88.79,Party,Carl's Jug O' Boom,add,carried,11,Inventory,Clurichaun loot supplies valuable moonshine; Carl tests one Boom Jug and then crafts ten more.,b1-c32-p103
6.918764,1,33,65.66,Carl,Gold coin,add,carried,50,Inventory,"Two fairies yield gold and brochures; Carl stores their bodies, clothes, and wings for possible alchemy.",b1-c33-p65
6.918764,1,33,65.66,Carl,Brochure,add,carried,10,Inventory,"Two fairies yield gold and brochures; Carl stores their bodies, clothes, and wings for possible alchemy.",b1-c33-p65
6.918764,1,33,65.66,Carl,Laminak corpse,add,carried,2,Inventory,"Two fairies yield gold and brochures; Carl stores their bodies, clothes, and wings for possible alchemy.",b1-c33-p65
6.918764,1,33,65.66,Carl,Laminak clothes and wings,add,carried,2,Inventory,"Two fairies yield gold and brochures; Carl stores their bodies, clothes, and wings for possible alchemy.",b1-c33-p65
6.933744,1,33,72.73,Carl,Empty Rev-Up jug,add,carried,80,Inventory,"Before the boss emerges, Carl strips the filling room of 140 jugs and two tables, including the indestructible Alchemy Workstation.",b1-c33-p72
6.933744,1,33,72.73,Carl,Full Rev-Up moonshine jug,add,carried,60,Inventory,"Before the boss emerges, Carl strips the filling room of 140 jugs and two tables, including the indestructible Alchemy Workstation.",b1-c33-p72
6.933744,1,33,72.73,Carl,Tables,add,carried,2,Inventory,"Before the boss emerges, Carl strips the filling room of 140 jugs and two tables, including the indestructible Alchemy Workstation.",b1-c33-p72
6.933744,1,33,72.73,Carl,Alchemy Workstation,add,carried,1,Inventory,"Before the boss emerges, Carl strips the filling room of 140 jugs and two tables, including the indestructible Alchemy Workstation.",b1-c33-p72
6.970125,1,33,89.9,Carl,Glass smoothie container,add,carried,18,Inventory,Carl finds the staged equipment and recipe needed to craft immunity smoothies.,b1-c33-p89
6.970125,1,33,89.9,Carl,Bicycle-powered blender blade lid,add,carried,1,Inventory,Carl finds the staged equipment and recipe needed to craft immunity smoothies.,b1-c33-p89
6.970125,1,33,89.9,Carl,Rev-Up Immunity Smoothie Recipe,add,carried,1,Inventory,Carl finds the staged equipment and recipe needed to craft immunity smoothies.,b1-c33-p89
6.970125,1,33,89.9,Carl,Stationary bicycle,add,carried,1,Inventory,Carl finds the staged equipment and recipe needed to craft immunity smoothies.,b1-c33-p89
7.107902,1,34,54.93,Carl,Rev-Up Immunity Smoothie,remove,consumed,1,Inventory,Carl blends protective smoothies from moonshine and a fairy corpse; both party members drink one during the Krakaren fight.,b1-c34-p39
7.107902,1,34,54.93,Princess Donut,Rev-Up Immunity Smoothie,remove,consumed,1,Inventory,Carl blends protective smoothies from moonshine and a fairy corpse; both party members drink one during the Krakaren fight.,b1-c34-p39
7.107902,1,34,54.93,Party,Laminak corpse,remove,consumed as ingredient,1,Inventory,Carl blends protective smoothies from moonshine and a fairy corpse; both party members drink one during the Krakaren fight.,b1-c34-p39
7.107902,1,34,54.93,Party,Rev-Up moonshine,remove,carried,,Inventory,Carl blends protective smoothies from moonshine and a fairy corpse; both party members drink one during the Krakaren fight.,b1-c34-p39
7.18847,1,34,92.96,Carl,Carl's Jug O' Boom,remove,detonated,1,Inventory,"Carl arms a zombie with a Boom Jug and dynamite, then shelters under a redoubt panel and indestructible Alchemy Table; the panel is destroyed.",b1-c34-p66
7.18847,1,34,92.96,Carl,Goblin Dynamite,remove,detonated,1,Inventory,"Carl arms a zombie with a Boom Jug and dynamite, then shelters under a redoubt panel and indestructible Alchemy Table; the panel is destroyed.",b1-c34-p66
7.18847,1,34,92.96,Carl,Portable redoubt section,remove,destroyed,1,Inventory,"Carl arms a zombie with a Boom Jug and dynamite, then shelters under a redoubt panel and indestructible Alchemy Table; the panel is destroyed.",b1-c34-p66
7.18847,1,34,92.96,Carl,Alchemy Table,add,used as shield; survived,1,Inventory,"Carl arms a zombie with a Boom Jug and dynamite, then shelters under a redoubt panel and indestructible Alchemy Table; the panel is destroyed.",b1-c34-p66
7.392953,1,35,89.47,Princess Donut,Enchanted Fur Brush of the Ecclesiastic,add,carried,1,Inventory,"Krakaren rewards give Donut a nightly Constitution brush and Carl self-sizing enchanted boxers with Protective Shell, plus generic consumables and explosives.",b1-c35-p102
7.392953,1,35,89.47,Carl,Gold coins,add,carried,,Inventory,"Krakaren rewards give Donut a nightly Constitution brush and Carl self-sizing enchanted boxers with Protective Shell, plus generic consumables and explosives.",b1-c35-p102
7.392953,1,35,89.47,Party,"Potions, torches, biscuits, food",add,carried,,Inventory,"Krakaren rewards give Donut a nightly Constitution brush and Carl self-sizing enchanted boxers with Protective Shell, plus generic consumables and explosives.",b1-c35-p102
7.392953,1,35,89.47,Carl,"Dynamite, smoke bombs, and lighters",add,carried,,Inventory,"Krakaren rewards give Donut a nightly Constitution brush and Carl self-sizing enchanted boxers with Protective Shell, plus generic consumables and explosives.",b1-c35-p102
7.392953,1,35,89.47,Princess Donut,Scroll of Confusing Fog,add,carried,2,Inventory,"Krakaren rewards give Donut a nightly Constitution brush and Carl self-sizing enchanted boxers with Protective Shell, plus generic consumables and explosives.",b1-c35-p102
7.392953,1,35,89.47,Carl,Enchanted BigBoi Boxers,equip,equipped,1,Inventory,"Krakaren rewards give Donut a nightly Constitution brush and Carl self-sizing enchanted boxers with Protective Shell, plus generic consumables and explosives.",b1-c35-p102
7.392953,1,35,89.47,Carl,Boxers,remove,carried,1,Inventory,Carl's original scorched boxers fall apart when he changes into the enchanted pair.,b1-c35-p102
8.147393,1,39,45.57,Princess Donut,Dungeon Gold Rush ticket,add,carried,1,Inventory,Their Platinum Lucky Bastard boxes yield limited-use scratch tickets with randomized beneficial or harmful combat effects.,b1-c39-p36
8.147393,1,39,45.57,Carl,Fireball or Custard ticket,add,carried,1,Inventory,Their Platinum Lucky Bastard boxes yield limited-use scratch tickets with randomized beneficial or harmful combat effects.,b1-c39-p36
8.490025,1,41,7.29,Party,Goblin chopper with detachable sidecar,remove,carried,1,Inventory,Carl confirms the chopper was destroyed during the rage-elemental escape.,b1-c41-p7
8.580508,1,41,50.0,Princess Donut,Mana Toast,add,carried,2,Inventory,"Carl gives his free mana toast to Donut, who stores both portions.",b1-c41-p48
8.657751,1,41,86.46,Carl,Gorgon Marital Aid,add,carried,1,Inventory,"Mechanic and Sapper boxes add a hardening tool, safe explosive workbench, and ten configurable proximity triggers.",b1-c41-p83
8.657751,1,41,86.46,Carl,Sapper's Table,add,carried,1,Inventory,"Mechanic and Sapper boxes add a hardening tool, safe explosive workbench, and ten configurable proximity triggers.",b1-c41-p83
8.657751,1,41,86.46,Carl,Proximity Trigger,add,carried,10,Inventory,"Mechanic and Sapper boxes add a hardening tool, safe explosive workbench, and ten configurable proximity triggers.",b1-c41-p83
9.084997,1,43,88.12,Carl,Bates zip-up tactical boots,add,carried,1,Inventory,The Maestro gifts Carl correctly sized service boots and socks as a taunt; Carl refuses to equip them.,b1-c43-p89
9.084997,1,43,88.12,Carl,Socks,add,carried,1,Inventory,The Maestro gifts Carl correctly sized service boots and socks as a taunt; Carl refuses to equip them.,b1-c43-p89
9.121832,1,44,5.5,Princess Donut,Spike Module,add,carried,1,Inventory,Donut's Gold Sapper Box yields two ready-made trap modules.,b1-c44-p6
9.121832,1,44,5.5,Princess Donut,Alarm Module,add,carried,1,Inventory,Donut's Gold Sapper Box yields two ready-made trap modules.,b1-c44-p6
9.388688,1,45,31.46,Carl,Pet Biscuit,remove,carried,1,Inventory,"Carl feeds a pet biscuit to a wounded caged dingo, neutralizing its hostility.",b1-c45-p28
9.581739,1,46,22.58,Carl,Spiked kobold helmet,add,carried,,Inventory,"After the kobold pit fight, Carl salvages helmets, coins, a Heal Critter scroll, biscuits, cage, one-use pen key, and arena chairs.",b1-c46-p14
9.581739,1,46,22.58,Carl,Gold coins,add,carried,,Inventory,"After the kobold pit fight, Carl salvages helmets, coins, a Heal Critter scroll, biscuits, cage, one-use pen key, and arena chairs.",b1-c46-p14
9.581739,1,46,22.58,Carl,Scroll of Heal Critter,add,carried,1,Inventory,"After the kobold pit fight, Carl salvages helmets, coins, a Heal Critter scroll, biscuits, cage, one-use pen key, and arena chairs.",b1-c46-p14
9.581739,1,46,22.58,Carl,Pet Biscuits,add,carried,,Inventory,"After the kobold pit fight, Carl salvages helmets, coins, a Heal Critter scroll, biscuits, cage, one-use pen key, and arena chairs.",b1-c46-p14
9.581739,1,46,22.58,Carl,Gerbil cage,add,carried,1,Inventory,"After the kobold pit fight, Carl salvages helmets, coins, a Heal Critter scroll, biscuits, cage, one-use pen key, and arena chairs.",b1-c46-p14
9.581739,1,46,22.58,Carl,Master Pen Key,add,single use,1,Inventory,"After the kobold pit fight, Carl salvages helmets, coins, a Heal Critter scroll, biscuits, cage, one-use pen key, and arena chairs.",b1-c46-p14
9.581739,1,46,22.58,Carl,Arena chairs,add,carried,,Inventory,"After the kobold pit fight, Carl salvages helmets, coins, a Heal Critter scroll, biscuits, cage, one-use pen key, and arena chairs.",b1-c46-p14
9.687671,1,46,72.58,Party,Master Pen Key,remove,consumed/broken,1,Inventory,Party spends the one-use key on the mongoliensis and begins taming him with biscuits.,b1-c46-p45
9.687671,1,46,72.58,Party,Mongoliensis juvenile,remove,released; bonding in progress,1,Inventory,Party spends the one-use key on the mongoliensis and begins taming him with biscuits.,b1-c46-p45
9.687671,1,46,72.58,Party,Pet Biscuits,add,carried,,Inventory,Party spends the one-use key on the mongoliensis and begins taming him with biscuits.,b1-c46-p45
9.76206,1,47,7.69,Princess Donut,Tome of Heal Critter,remove,consumed to learn spell,1,Inventory,"Final second-floor boss boxes teach Donut Heal Critter and give Carl his third Determine Value potion plus 1,000 gold.",b1-c47-p11
9.76206,1,47,7.69,Carl,Potion of Determine Value,remove,consumed,1,Inventory,"Final second-floor boss boxes teach Donut Heal Critter and give Carl his third Determine Value potion plus 1,000 gold.",b1-c47-p11
9.76206,1,47,7.69,Carl,Gold coin,add,carried,1000,Inventory,"Final second-floor boss boxes teach Donut Heal Critter and give Carl his third Determine Value potion plus 1,000 gold.",b1-c47-p11
9.904291,1,47,74.83,Carl,Trans Tunnel 7C Orator Relay by Valtay Corp.,remove,no longer held,1,Inventory,Determine Value history reveals three high-value Valtay devices that briefly entered Carl's inventory inside Agatha's cart and were returned with it.,b1-c47-p107
9.904291,1,47,74.83,Carl,Valtay Perso-Shield Platinum Edition,remove,no longer held,1,Inventory,Determine Value history reveals three high-value Valtay devices that briefly entered Carl's inventory inside Agatha's cart and were returned with it.,b1-c47-p107
9.904291,1,47,74.83,Carl,Mag 3040 Valtay Corp Pulse Pistol,remove,no longer held,1,Inventory,Determine Value history reveals three high-value Valtay devices that briefly entered Carl's inventory inside Agatha's cart and were returned with it.,b1-c47-p107
