series_progress,book,chapter,chapter_position,character,relationship,summary,source
0.378096,1,2,78.46,Mordecai,Registered game guide,"Carl meets Mordecai, who becomes the party's registered guide.",b1-c2-p102
4.507311,1,22,27.45,Imani C.,Meadow Lark ally,Imani becomes known as a capable allied crawler from Meadow Lark.,b1-c22-p28
6.368581,1,31,5.97,Elle McGib,Meadow Lark ally,Elle becomes known as a surviving Meadow Lark crawler.,b1-c31-p4
8.762579,1,42,35.94,Li Na,Allied crawler,Li Na becomes known through the surviving crawler network.,b1-c42-p46
10.152278,2,1,91.88,Mordecai,Party manager,Mordecai becomes Donut's manager and permanent support specialist.,b2-c1-p147
14.284869,2,21,42.46,Katia Grim,Temporary party member,Katia temporarily joins Donut's party to train and share experience.,b2-c21-p76
15.803707,3,3,59.35,Prepotente,Independent allied crawler,Prepotente becomes known as a powerful independent crawler allied with Miriam Dom.,b3-c3-p73
20.401456,3,25,29.49,Katia Grim,Core party member,Katia is accepted as a permanent member of Carl and Donut's core team.,b3-c25-p46
22.9318,4,3,23.81,Louis Santiago,Allied crawler and pilot,Louis becomes known as an allied crawler and vehicle specialist.,b4-c3-p45
27.370233,4,24,18.75,Samantha,Companion,Samantha becomes known to the group as a dangerous but recurring companion.,b4-c24-p27
29.853837,5,1,91.01,Katia Grim,Allied team leader,Katia leaves the formal party while remaining a close ally and team leader.,b5-c1-p162
33.863715,5,20,83.67,Imani C.,Princess Posse guildmaster,Imani becomes guildmaster of the broader allied crawler network.,b5-c20-p41
