series_progress,book,chapter,chapter_position,character,skill,level,detail,summary,source
0.774056,1,4,65.35,Carl,Breathing,3,First filtered inspection of Carl's preexisting skill menu; only the named examples are captured.,First filtered inspection of Carl's preexisting skill menu; only the named examples are captured.,b1-c4-p83
0.774056,1,4,65.35,Carl,Walking,4,First filtered inspection of Carl's preexisting skill menu; only the named examples are captured.,First filtered inspection of Carl's preexisting skill menu; only the named examples are captured.,b1-c4-p83
0.774056,1,4,65.35,Carl,Operating a Sony Brand RMVLZ620 Universal Remote Control,1,First filtered inspection of Carl's preexisting skill menu; only the named examples are captured.,First filtered inspection of Carl's preexisting skill menu; only the named examples are captured.,b1-c4-p83
0.774056,1,4,65.35,Carl,Unarmed Combat,3,First filtered inspection of Carl's preexisting skill menu; only the named examples are captured.,First filtered inspection of Carl's preexisting skill menu; only the named examples are captured.,b1-c4-p83
0.774056,1,4,65.35,Carl,Basic Electrical Repair,6,First filtered inspection of Carl's preexisting skill menu; only the named examples are captured.,First filtered inspection of Carl's preexisting skill menu; only the named examples are captured.,b1-c4-p83
0.774056,1,4,65.35,Carl,Swimming,4,First filtered inspection of Carl's preexisting skill menu; only the named examples are captured.,First filtered inspection of Carl's preexisting skill menu; only the named examples are captured.,b1-c4-p83
0.784065,1,4,70.08,Carl,Heal,1,Tutorial grants Carl the basic healing spell; its level-one state is shown immediately afterward.,Tutorial grants Carl the basic healing spell; its level-one state is shown immediately afterward.,b1-c4-p89
0.929078,1,5,38.52,Carl,Pugilism,4,System reports a skill-level gain and displays Pugilism level 4.,System reports a skill-level gain and displays Pugilism level 4.,b1-c5-p47
1.145077,1,6,40.48,Carl,Regeneration,7,Equipping the trollskin shirt grants seven Regeneration levels.,Equipping the trollskin shirt grants seven Regeneration levels.,b1-c6-p17
1.200565,1,6,66.67,Carl,Powerful Strike,3,"Carl equips the toe ring, activating its three-level Powerful Strike bonus.","Carl equips the toe ring, activating its three-level Powerful Strike bonus.",b1-c6-p28
1.24092,1,6,85.71,Carl,Frogger - 1981 Video Game Cabinet Version,8,A direct search of Carl's hidden skills reveals this preexisting skill at level 8.,A direct search of Carl's hidden skills reveals this preexisting skill at level 8.,b1-c6-p36
1.251009,1,6,90.48,Carl,Lacing Boots,3,Carl cites Lacing Boots level 3 as a visible skill-menu example.,Carl cites Lacing Boots level 3 as a visible skill-menu example.,b1-c6-p38
1.395615,1,7,58.73,Princess Donut,Magic Missile,,Mordecai confirms Donut permanently taught herself Magic Missile from its tome.,Mordecai confirms Donut permanently taught herself Magic Missile from its tome.,b1-c7-p37
1.429244,1,7,74.6,Princess Donut,Good First Impression,,"Donut equips the tiara, activating +5 Intelligence and +5 Good First Impression.","Donut equips the tiara, activating +5 Intelligence and +5 Good First Impression.",b1-c7-p47
1.661754,1,8,84.35,Princess Donut,Magic Missile,,Magic Missile rises to level 3; Carl's partial stat view shows Donut at 17 Intelligence.,Magic Missile rises to level 3; Carl's partial stat view shows Donut at 17 Intelligence.,b1-c8-p97
1.663596,1,8,85.22,Carl,Foot Soldier,,Carl reaches character level 3 and gains Foot Soldier plus Smush; Smush is displayed at level 3.,Carl reaches character level 3 and gains Foot Soldier plus Smush; Smush is displayed at level 3.,b1-c8-p98
1.663596,1,8,85.22,Carl,Smush,3,Carl reaches character level 3 and gains Foot Soldier plus Smush; Smush is displayed at level 3.,Carl reaches character level 3 and gains Foot Soldier plus Smush; Smush is displayed at level 3.,b1-c8-p98
1.839163,1,9,68.09,Princess Donut,Light on Your Feet,7,"A charm adds four levels to Donut's existing level-3 skill, producing effective level 7, and adds one Intelligence.","A charm adds four levels to Donut's existing level-3 skill, producing effective level 7, and adds one Intelligence.",b1-c9-p64
2.040589,1,10,63.16,Carl,Pugilism,5,Carl states all four named combat skills are now level 5.,Carl states all four named combat skills are now level 5.,b1-c10-p48
2.040589,1,10,63.16,Carl,Unarmed Combat,5,Carl states all four named combat skills are now level 5.,Carl states all four named combat skills are now level 5.,b1-c10-p48
2.040589,1,10,63.16,Carl,Foot Soldier,5,Carl states all four named combat skills are now level 5.,Carl states all four named combat skills are now level 5.,b1-c10-p48
2.040589,1,10,63.16,Carl,Smush,5,Carl states all four named combat skills are now level 5.,Carl states all four named combat skills are now level 5.,b1-c10-p48
2.048952,1,10,67.11,Princess Donut,Slice Attack,4,Donut reports both claw-based attack skills at level 4.,Donut reports both claw-based attack skills at level 4.,b1-c10-p51
2.048952,1,10,67.11,Princess Donut,Back Claw,4,Donut reports both claw-based attack skills at level 4.,Donut reports both claw-based attack skills at level 4.,b1-c10-p51
2.163371,1,11,21.11,Carl,Explosives Handling,,"Carl receives upgrades in three named explosive skills, but this paragraph gives no resulting levels.","Carl receives upgrades in three named explosive skills, but this paragraph gives no resulting levels.",b1-c11-p19
2.163371,1,11,21.11,Carl,Dangerous Explosives Handling,,"Carl receives upgrades in three named explosive skills, but this paragraph gives no resulting levels.","Carl receives upgrades in three named explosive skills, but this paragraph gives no resulting levels.",b1-c11-p19
2.163371,1,11,21.11,Carl,Goblin Explosives,,"Carl receives upgrades in three named explosive skills, but this paragraph gives no resulting levels.","Carl receives upgrades in three named explosive skills, but this paragraph gives no resulting levels.",b1-c11-p19
2.403148,1,12,34.29,Princess Donut,Torch,,Donut immediately reads a boss-box spellbook; Mordecai identifies the learned spell as Torch.,Donut immediately reads a boss-box spellbook; Mordecai identifies the learned spell as Torch.,b1-c12-p24
2.427361,1,12,45.71,Carl,Dumpster Diving,,"Notifications include unnamed-size increases to Dumpster Diving and Jump Attacking, plus Iron Punch level 3.","Notifications include unnamed-size increases to Dumpster Diving and Jump Attacking, plus Iron Punch level 3.",b1-c12-p32
2.427361,1,12,45.71,Carl,Jump Attacking,,"Notifications include unnamed-size increases to Dumpster Diving and Jump Attacking, plus Iron Punch level 3.","Notifications include unnamed-size increases to Dumpster Diving and Jump Attacking, plus Iron Punch level 3.",b1-c12-p32
2.427361,1,12,45.71,Carl,Iron Punch,3,"Notifications include unnamed-size increases to Dumpster Diving and Jump Attacking, plus Iron Punch level 3.","Notifications include unnamed-size increases to Dumpster Diving and Jump Attacking, plus Iron Punch level 3.",b1-c12-p32
3.907721,1,19,44.44,Carl,"All combat skills, including Smush",,Combat skills rise without final numbers; three explosive skills reach 5 and Carl gains IED at level 3.,Combat skills rise without final numbers; three explosive skills reach 5 and Carl gains IED at level 3.,b1-c19-p32
3.907721,1,19,44.44,Carl,Explosives Handling,5,Combat skills rise without final numbers; three explosive skills reach 5 and Carl gains IED at level 3.,Combat skills rise without final numbers; three explosive skills reach 5 and Carl gains IED at level 3.,b1-c19-p32
3.907721,1,19,44.44,Carl,Dangerous Explosives Handling,5,Combat skills rise without final numbers; three explosive skills reach 5 and Carl gains IED at level 3.,Combat skills rise without final numbers; three explosive skills reach 5 and Carl gains IED at level 3.,b1-c19-p32
3.907721,1,19,44.44,Carl,Goblin Explosives,5,Combat skills rise without final numbers; three explosive skills reach 5 and Carl gains IED at level 3.,Combat skills rise without final numbers; three explosive skills reach 5 and Carl gains IED at level 3.,b1-c19-p32
3.907721,1,19,44.44,Carl,IED,3,Combat skills rise without final numbers; three explosive skills reach 5 and Carl gains IED at level 3.,Combat skills rise without final numbers; three explosive skills reach 5 and Carl gains IED at level 3.,b1-c19-p32
3.998941,1,19,87.5,Carl,Determine Value,1,Carl drinks a potion that grants one Determine Value level and immediately gains its level-one sorting ability.,Carl drinks a potion that grants one Determine Value level and immediately gains its level-one sorting ability.,b1-c19-p63
4.290254,1,21,25.0,Carl,Chopper Pilot,5,Sustained driving raises Chopper Pilot to level 5.,Sustained driving raises Chopper Pilot to level 5.,b1-c21-p13
4.774011,1,23,53.33,Princess Donut,Magic Missile,,Magic Missile reaches level 5; narration again shows Donut at 24 Intelligence.,Magic Missile reaches level 5; narration again shows Donut at 24 Intelligence.,b1-c23-p24
5.134272,1,25,23.38,Princess Donut,Puddle Jumper,,Donut reads a tome; Mordecai identifies the newly learned teleport spell as Puddle Jumper.,Donut reads a tome; Mordecai identifies the newly learned teleport spell as Puddle Jumper.,b1-c25-p18
5.150781,1,25,31.17,Princess Donut,Dodge,4,Mordecai's fight review confirms Donut had Strength 18 and Dodge level 4.,Mordecai's fight review confirms Donut had Strength 18 and Dodge level 4.,b1-c25-p24
5.20306,1,25,55.84,Carl,Pugilism,6,"Carl says his bare-knuckle and other fighting skills, including Smush, reached 6; Iron Punch reached 5. Named level-6 skills follow the previously established four-skill set.","Carl says his bare-knuckle and other fighting skills, including Smush, reached 6; Iron Punch reached 5. Named level-6 skills follow the previously established four-skill set.",b1-c25-p43
5.20306,1,25,55.84,Carl,Unarmed Combat,6,"Carl says his bare-knuckle and other fighting skills, including Smush, reached 6; Iron Punch reached 5. Named level-6 skills follow the previously established four-skill set.","Carl says his bare-knuckle and other fighting skills, including Smush, reached 6; Iron Punch reached 5. Named level-6 skills follow the previously established four-skill set.",b1-c25-p43
5.20306,1,25,55.84,Carl,Foot Soldier,6,"Carl says his bare-knuckle and other fighting skills, including Smush, reached 6; Iron Punch reached 5. Named level-6 skills follow the previously established four-skill set.","Carl says his bare-knuckle and other fighting skills, including Smush, reached 6; Iron Punch reached 5. Named level-6 skills follow the previously established four-skill set.",b1-c25-p43
5.20306,1,25,55.84,Carl,Smush,6,"Carl says his bare-knuckle and other fighting skills, including Smush, reached 6; Iron Punch reached 5. Named level-6 skills follow the previously established four-skill set.","Carl says his bare-knuckle and other fighting skills, including Smush, reached 6; Iron Punch reached 5. Named level-6 skills follow the previously established four-skill set.",b1-c25-p43
5.20306,1,25,55.84,Carl,Iron Punch,5,"Carl says his bare-knuckle and other fighting skills, including Smush, reached 6; Iron Punch reached 5. Named level-6 skills follow the previously established four-skill set.","Carl says his bare-knuckle and other fighting skills, including Smush, reached 6; Iron Punch reached 5. Named level-6 skills follow the previously established four-skill set.",b1-c25-p43
5.238829,1,25,72.73,Carl,Determine Value,2,A second Determine Value potion raises the skill to level 2.,A second Determine Value potion raises the skill to level 2.,b1-c25-p56
5.252586,1,25,79.22,Carl,Iron Punch,,The equipped gauntlet adds two Iron Punch levels and one Powerful Strike level; effective totals use the latest explicit bases.,The equipped gauntlet adds two Iron Punch levels and one Powerful Strike level; effective totals use the latest explicit bases.,b1-c25-p61
5.252586,1,25,79.22,Carl,Powerful Strike,,The equipped gauntlet adds two Iron Punch levels and one Powerful Strike level; effective totals use the latest explicit bases.,The equipped gauntlet adds two Iron Punch levels and one Powerful Strike level; effective totals use the latest explicit bases.,b1-c25-p61
6.305338,1,30,76.12,Carl,Pugilism,10,"A Cheat Code Potion permanently adds three levels, bringing Pugilism to level 10.","A Cheat Code Potion permanently adds three levels, bringing Pugilism to level 10.",b1-c30-p102
6.324311,1,30,85.07,Carl,Smush,,The pedicure-kit buff temporarily adds three Smush levels for 30 hours.,The pedicure-kit buff temporarily adds three Smush levels for 30 hours.,b1-c30-p114
6.33854,1,30,91.79,Princess Donut,Second Chance,1,Donut reads her mailed spellbook and identifies the new necromancy spell as Second Chance level 1.,Donut reads her mailed spellbook and identifies the new necromancy spell as Second Chance level 1.,b1-c30-p123
6.343284,1,30,94.03,Princess Donut,Heal,,Carl's inventory of Donut's known spells confirms she has the universal starter Heal spell; its acquisition moment and level are not separately shown.,Carl's inventory of Donut's known spells confirms she has the universal starter Heal spell; its acquisition moment and level are not separately shown.,b1-c30-p126
6.660944,1,32,43.97,Carl,Slingshot,3,Practice raises Carl's Slingshot skill to level 3.,Practice raises Carl's Slingshot skill to level 3.,b1-c32-p51
6.66277,1,32,44.83,Princess Donut,Second Chance,3,Repeated use raises Second Chance to level 3.,Repeated use raises Second Chance to level 3.,b1-c32-p52
6.73948,1,32,81.03,Carl,Incendiary Device Handling,5,Creating the first Carl's Jug O' Boom makes Incendiary Device Handling jump to level 5.,Creating the first Carl's Jug O' Boom makes Incendiary Device Handling jump to level 5.,b1-c32-p94
6.75957,1,32,90.52,Carl,Aiming,,Carl receives Aiming and Steady Hand without displayed levels; Donut's Second Chance reaches level 4.,Carl receives Aiming and Steady Hand without displayed levels; Donut's Second Chance reaches level 4.,b1-c32-p105
6.75957,1,32,90.52,Carl,Steady Hand,,Carl receives Aiming and Steady Hand without displayed levels; Donut's Second Chance reaches level 4.,Carl receives Aiming and Steady Hand without displayed levels; Donut's Second Chance reaches level 4.,b1-c32-p105
6.75957,1,32,90.52,Princess Donut,Second Chance,4,Carl receives Aiming and Steady Hand without displayed levels; Donut's Second Chance reaches level 4.,Carl receives Aiming and Steady Hand without displayed levels; Donut's Second Chance reaches level 4.,b1-c32-p105
6.905924,1,33,59.6,Carl,Aiming,4,Aiming rises to level 4 while Slingshot remains at 3.,Aiming rises to level 4 while Slingshot remains at 3.,b1-c33-p59
7.361359,1,35,74.56,Carl,IED,7,"Creating Carl's Jug O' Boom raises IED, Explosives Handling, and several unnamed explosive skills to level 7.","Creating Carl's Jug O' Boom raises IED, Explosives Handling, and several unnamed explosive skills to level 7.",b1-c35-p85
7.361359,1,35,74.56,Carl,Explosives Handling,7,"Creating Carl's Jug O' Boom raises IED, Explosives Handling, and several unnamed explosive skills to level 7.","Creating Carl's Jug O' Boom raises IED, Explosives Handling, and several unnamed explosive skills to level 7.",b1-c35-p85
7.361359,1,35,74.56,Carl,Other explosives-based skills,7,"Creating Carl's Jug O' Boom raises IED, Explosives Handling, and several unnamed explosive skills to level 7.","Creating Carl's Jug O' Boom raises IED, Explosives Handling, and several unnamed explosive skills to level 7.",b1-c35-p85
7.389236,1,35,87.72,Carl,Protective Shell,,Equipping the boxers adds two Constitution to Carl's last displayed 12 and grants item-bound access to level-15 Protective Shell.,Equipping the boxers adds two Constitution to Carl's last displayed 12 and grants item-bound access to level-15 Protective Shell.,b1-c35-p100
8.618026,1,41,67.71,Carl,Most bomb-themed skills,9,"Most bomb skills reach level 9, and Carl gains unnamed mechanic and construction skills.","Most bomb skills reach level 9, and Carl gains unnamed mechanic and construction skills.",b1-c41-p65
8.618026,1,41,67.71,Carl,Mechanic-themed skills,,"Most bomb skills reach level 9, and Carl gains unnamed mechanic and construction skills.","Most bomb skills reach level 9, and Carl gains unnamed mechanic and construction skills.",b1-c41-p65
8.618026,1,41,67.71,Carl,Construction-themed skills,,"Most bomb skills reach level 9, and Carl gains unnamed mechanic and construction skills.","Most bomb skills reach level 9, and Carl gains unnamed mechanic and construction skills.",b1-c41-p65
9.39821,1,45,35.96,Princess Donut,Second Chance,5,"Second Chance reaches level 5, extending reanimation duration and eligible target level.","Second Chance reaches level 5, extending reanimation duration and eligible target level.",b1-c45-p32
9.754652,1,47,4.2,Carl,Slingshot,5,Training raises Carl's Slingshot to 5 and Donut's Magic Missile to 8.,Training raises Carl's Slingshot to 5 and Donut's Magic Missile to 8.,b1-c47-p6
9.754652,1,47,4.2,Princess Donut,Magic Missile,8,Training raises Carl's Slingshot to 5 and Donut's Magic Missile to 8.,Training raises Carl's Slingshot to 5 and Donut's Magic Missile to 8.,b1-c47-p6
9.76206,1,47,7.69,Carl,Determine Value,3,"Carl drinks a third Determine Value potion; the previously explicit potion rule adds one level, and a history-sort ability appears.","Carl drinks a third Determine Value potion; the previously explicit potion rule adds one level, and a history-sort ability appears.",b1-c47-p11
15.177681,2,25,63.87,Katia Grim,Rush,,"Explicitly confirmed in Book 2, Chapter 25.",Katia Grim's Rush is explicitly confirmed.,b2-c25-p76
15.323701,3,1,32.79,Katia Grim,Pathfinder,,"Explicitly confirmed in Book 3, Chapter 1.",Katia Grim's Pathfinder is explicitly confirmed.,b3-c1-p60
15.769257,3,3,43.09,Katia Grim,Catcher,,"Explicitly confirmed in Book 3, Chapter 3.",Katia Grim's Catcher is explicitly confirmed.,b3-c3-p53
20.424544,3,25,40.38,Katia Grim,Find Crawler,3,"Explicitly confirmed in Book 3, Chapter 25.",Katia Grim's Find Crawler is explicitly confirmed at level 3.,b3-c25-p63
21.283026,3,29,45.59,Katia Grim,Crowd Blast,,"Explicitly confirmed in Book 3, Chapter 29.",Katia Grim's Crowd Blast is explicitly confirmed.,b3-c29-p62
22.75074,4,2,38.35,Katia Grim,Catcher,11,"Explicitly confirmed in Book 4, Chapter 2.",Katia Grim's Catcher is explicitly confirmed at level 11.,b4-c2-p79
23.465318,4,5,75.63,Louis Santiago,Cloud of Exhaust,11,"Explicitly confirmed in Book 4, Chapter 5.",Louis Santiago's Cloud of Exhaust is explicitly confirmed at level 11.,b4-c5-p90
29.194697,4,32,79.9,Katia Grim,Hanzo,,"Explicitly confirmed in Book 4, Chapter 32.",Katia Grim's Hanzo is explicitly confirmed.,b4-c32-p155
39.528814,5,47,57.6,Prepotente,Community Pool,,"Explicitly confirmed in Book 5, Chapter 47.",Prepotente's Community Pool is explicitly confirmed.,b5-c47-p72
41.246148,5,55,68.18,Imani C.,Smart Juice,,"Explicitly confirmed in Book 5, Chapter 55.",Imani C.'s Smart Juice is explicitly confirmed.,b5-c55-p60
42.687735,5,62,48.61,Katia Grim,I Need My Personal Space,,"Explicitly confirmed in Book 5, Chapter 62.",Katia Grim's I Need My Personal Space is explicitly confirmed.,b5-c62-p35
71.604229,7,51,97.2,Li Na,Dark Purpose,15,"Explicitly confirmed in Book 7, Chapter 51.",Li Na's Dark Purpose is explicitly confirmed at level 15.,b7-c51-p104
71.743644,7,52,63.0,Li Na,Blood Horror,15,"Explicitly confirmed in Book 7, Chapter 52.",Li Na's Blood Horror is explicitly confirmed at level 15.,b7-c52-p63
72.62382,7,56,78.44,Prepotente,Iron Stomach,,"Explicitly confirmed in Book 7, Chapter 56.",Prepotente's Iron Stomach is explicitly confirmed.,b7-c56-p131
74.295003,7,64,67.24,Prepotente,Group psionic protection,,"Explicitly confirmed in Book 7, Chapter 64.",Prepotente's Group psionic protection is explicitly confirmed.,b7-c64-p39
